BibTeX_Key,Reference_Number,Authors,Title,Year,Bibliographic_Details,DOI,DOI_URL,Traceability_Group,Group_Label,Traceability_Cluster,Cluster_Label
r1,1,M. Chen and K. Zhu and B. Lü and D. Li and Q. Yuan and Y. Zhu,AECR: Automatic attack technique intelligence extraction based on fine-tuned large language model,2025,"Computers and Security, vol. 150",10.1016/j.cose.2024.104213,https://doi.org/10.1016/j.cose.2024.104213,G4,Representation and semantics,S3,TTP-oriented and attack-chain-oriented representations
r2,2,M. Akbari Gurabi and Ö. Sen and N. null and A. Ulbig and S. Decker,Enhancing Cyber Threat Intelligence Sharing through Data Spaces in Critical Infrastructures,2025,"Institute of Electrical and Electronics Engineers Inc., pp. 83 - 90",10.1109/CSR64739.2025.11130001,https://doi.org/10.1109/CSR64739.2025.11130001,G2,Technical artifacts,T2,Operational sharing and dissemination
r3,3,S. Pandey and H. Azath and R. U. Rahman and S. H. Lamkuche,"Privacy-Preserving Model for Cyber Threat Intelligence, Sharing Across Multi-Organizational Platforms",2025,"Institute of Electrical and Electronics Engineers Inc., pp. 437 - 442",10.1109/CSNT64827.2025.10968450,https://doi.org/10.1109/CSNT64827.2025.10968450,G1,Conceptual artifacts,C2,"Trust, auditability, accountability, and privacy"
r4,4,K. Dunnett and S. Pal and Z. Jadidi and V. Dedeoglu and R. Jurdak,Priv-Share: A privacy-preserving framework for differential and trustless delegation of cyber threat intelligence using blockchain,2024,"Computer Networks, vol. 252",10.1016/j.comnet.2024.110686,https://doi.org/10.1016/j.comnet.2024.110686,G2,Technical artifacts,T1,TIPs and end-to-end integrated suites
r5,5,G. Hatzivasilis and E. Lakka and M. Athanatos and S. Ioannidis and G. Kalogiannis and M. Chatzimpyrros and others,Swarm-intelligence for the modern ICT ecosystems,2024,"International Journal of Information Security, vol. 23, pp. 2951 - 2975",10.1007/s10207-024-00869-1,https://doi.org/10.1007/s10207-024-00869-1,G2,Technical artifacts,T1,TIPs and end-to-end integrated suites
r6,6,A. Venčkauskas and J. Toldinas and N. Morkevičius and F. Sanfilippo,An Email Cyber Threat Intelligence Method Using Domain Ontology and Machine Learning,2024,"Electronics (Switzerland), vol. 13",10.3390/electronics13142716,https://doi.org/10.3390/electronics13142716,G4,Representation and semantics,S4,Sectoral or contextualized taxonomies and ontologies
r7,7,O. Sorokoletova and E. Antonioni and G. Colo,Towards a scalable AI-driven framework for data-independent Cyber Threat Intelligence Information Extraction,2024,"Institute of Electrical and Electronics Engineers Inc., pp. 398 - 406",10.1109/FLLM63129.2024.10852465,https://doi.org/10.1109/FLLM63129.2024.10852465,G3,Interoperability,I1,Standardized CTI models and formats
r8,8,H. Wang and A. Iacovazzi and S. Kim and S. Raza,CLEVER: Crafting Intelligent MISP for Cyber Threat Intelligence,2024,IEEE Computer Society,10.1109/LCN60385.2024.10639749,https://doi.org/10.1109/LCN60385.2024.10639749,G2,Technical artifacts,T3,Ingestion and normalization
r9,9,I. Chalkias and C. Yucel and D. Mallis and J. Rajamäki and F. de Vecchis and P. Hagstrom and others,An Empirical Evaluation of Cyber Threat Intelligence Sharing in the ECHO Early Warning System,2024,"Communications in Computer and Information Science, vol. 1790, pp. 23 - 40",10.1007/978-3-031-44440-1_3,https://doi.org/10.1007/978-3-031-44440-1_3,G3,Interoperability,I4,Ecosystem-oriented interoperability
r10,10,V. Jesus and B. Bains and V. I. Chang,"Sharing Is Caring: Hurdles and Prospects of Open, Crowd-Sourced Cyber Threat Intelligence",2024,"IEEE Transactions on Engineering Management, vol. 71, pp. 6854 - 6873",10.1109/TEM.2023.3279274,https://doi.org/10.1109/TEM.2023.3279274,G2,Technical artifacts,T6,Operational consumption and integration
r11,11,M. Sarhan and S. Layeghy and N. Moustafa and M. Portmann,Cyber Threat Intelligence Sharing Scheme Based on Federated Learning for Network Intrusion Detection,2023,"Journal of Network and Systems Management, vol. 31",10.1007/s10922-022-09691-3,https://doi.org/10.1007/s10922-022-09691-3,G2,Technical artifacts,T5,"Enrichment, correlation, and analysis"
r12,12,A. K. Daou and F. Li and S. N. Shiaeles,A Cost-Efficient Threat Intelligence Platform Powered by Crowdsourced OSINT,2023,"Institute of Electrical and Electronics Engineers Inc., pp. 48 - 53",10.1109/CSR57506.2023.10225008,https://doi.org/10.1109/CSR57506.2023.10225008,G2,Technical artifacts,T1,TIPs and end-to-end integrated suites
r13,13,F. Settanni and L. Regano and C. Basile and A. Lioy,A Model for Automated Cybersecurity Threat Remediation and Sharing,2023,"Institute of Electrical and Electronics Engineers Inc., pp. 492 - 497",10.1109/NetSoft57336.2023.10175486,https://doi.org/10.1109/NetSoft57336.2023.10175486,G2,Technical artifacts,T1,TIPs and end-to-end integrated suites
r14,14,M. Guarascio and N. Cassavia and F. S. Pisani and G. Manco,Boosting Cyber-Threat Intelligence via Collaborative Intrusion Detection,2022,"Future Generation Computer Systems, vol. 135, pp. 30 - 43",10.1016/j.future.2022.04.028,https://doi.org/10.1016/j.future.2022.04.028,G2,Technical artifacts,T4,"Curation, quality, and operational-data governance"
r15,15,H. Fereidooni and A. Dmitrienko and P. Rieger and M. Miettinen and A. R. Sadeghi and F. Madlener,FedCRI: Federated Mobile Cyber-Risk Intelligence,2022,The Internet Society,10.14722/ndss.2022.23153,https://doi.org/10.14722/ndss.2022.23153,G1,Conceptual artifacts,C2,"Trust, auditability, accountability, and privacy"
r16,16,K. Nguyen and S. Pal and Z. Jadidi and A. Dorri and R. Jurdak,A Blockchain-Enabled Incentivized Framework for Cyber Threat Intelligence Sharing in ICS,2022,"Institute of Electrical and Electronics Engineers Inc., pp. 261 - 266",10.1109/PerComWorkshops53856.2022.9767226,https://doi.org/10.1109/PerComWorkshops53856.2022.9767226,G2,Technical artifacts,T7,Technical protection controls in sharing
r17,17,B. Stojkovski and G. Lenzini and V. Koenig and S. Rivas,What's in a Cyber Threat Intelligence sharing platform?,2021,"ACM International Conference Proceeding Series, pp. 385 - 398",10.1145/3485832.3488030,https://doi.org/10.1145/3485832.3488030,G2,Technical artifacts,T1,TIPs and end-to-end integrated suites
r18,18,E. Bandara and X. Liang and P. B. Foytik and S. S. Shetty,"Blockchain and Self-Sovereign Identity Empowered Cyber Threat Information Sharing Platform,",2021,"Institute of Electrical and Electronics Engineers Inc., pp. 258 - 263",10.1109/SMARTCOMP52413.2021.00057,https://doi.org/10.1109/SMARTCOMP52413.2021.00057,G2,Technical artifacts,T4,"Curation, quality, and operational-data governance"
r19,19,B. Stojkovski and G. Lenzini,A workflow and toolchain proposal for analyzing users' perceptions in cyber threat intelligence sharing platforms,2021,"Institute of Electrical and Electronics Engineers Inc., pp. 324 - 330",10.1109/CSR51186.2021.9527903,https://doi.org/10.1109/CSR51186.2021.9527903,G2,Technical artifacts,T1,TIPs and end-to-end integrated suites
r20,20,D. Preuveneers and W. Joosen,Sharing Machine Learning Models as Indicators of Compromise for Cyber Threat Intelligence,2021,"Journal of Cybersecurity and Privacy, vol. 1, pp. 140 - 163",10.3390/jcp1010008,https://doi.org/10.3390/jcp1010008,G4,Representation and semantics,S4,Sectoral or contextualized taxonomies and ontologies
r21,21,K. Oosthoek and C. Doerr,Inside the Matrix: CTI Frameworks as Partial Abstractions of Complex Threats,2021,"Institute of Electrical and Electronics Engineers Inc., pp. 2136 - 2143",10.1109/BigData52589.2021.9671425,https://doi.org/10.1109/BigData52589.2021.9671425,G2,Technical artifacts,T5,"Enrichment, correlation, and analysis"
r22,22,O. C. Briliyant and N. P. Tirsa and M. A. Hasditama,Towards an Automated Dissemination Process of Cyber Threat Intelligence Data using STIX,2021,"Institute of Electrical and Electronics Engineers Inc., pp. 109 - 114",10.1109/IWBIS53353.2021.9631850,https://doi.org/10.1109/IWBIS53353.2021.9631850,G2,Technical artifacts,T1,TIPs and end-to-end integrated suites
r23,23,A. Yasmeen and K. K. Ullah and A. Muhammad,HDA-TIP: A Framework for Heterogeneous Data Aggregation for Threat Intelligence Platform - 2023 17th International Conference on Ubiquitous Information Management and Communication (IMCOM),2023,pp. 1-7,10.1109/IMCOM56909.2023.10035604,https://doi.org/10.1109/IMCOM56909.2023.10035604,G2,Technical artifacts,T4,"Curation, quality, and operational-data governance"
r24,24,E. Bandara and S. Shetty and R. Mukkamala and A. Rahaman and X. Liang,"LUUNU — Blockchain, MISP, Model Cards and Federated Learning Enabled Cyber Threat Intelligence Sharing Platform - 2022 Annual Modeling and Simulation Conference (ANNSIM)",2022,pp. 235-245,10.23919/ANNSIM55834.2022.9859355,https://doi.org/10.23919/ANNSIM55834.2022.9859355,G2,Technical artifacts,T1,TIPs and end-to-end integrated suites
r25,25,S. Ye and J. Zhuang and Z. Bu,"A Comprehensive Quality Assessment Method for Cyber Threat Intelligence Sharing Platforms (Tisps) - 2025 IEEE 14th International Conference on Communications, Circuits and Systems (ICCCAS)",2025,pp. 254-259,10.1109/ICCCAS65806.2025.11102786,https://doi.org/10.1109/ICCCAS65806.2025.11102786,G2,Technical artifacts,T4,"Curation, quality, and operational-data governance"
r26,26,J. Bennaceur and W. Zouaghi and A. Mabrouk,Enhancing Cyber Threat Intelligence Through Supervised Machine Learning: A Comprehensive Classification Approach - 2023 IEEE International Conference on Enabling Technologies: Infrastructure for Collaborative Enterprises (WETICE),2023,pp. 1-8,10.1109/WETICE57085.2023.10477805,https://doi.org/10.1109/WETICE57085.2023.10477805,G1,Conceptual artifacts,C3,Operationalization of the CTI cycle and SOC/IR integration
r27,27,Y. Merah and T. Kenaza,Proactive Ontology-based Cyber Threat Intelligence Analytic - 2021 International Conference on Recent Advances in Mathematics and Informatics (ICRAMI),2021,pp. 1-7,10.1109/ICRAMI52622.2021.9585984,https://doi.org/10.1109/ICRAMI52622.2021.9585984,G4,Representation and semantics,S2,Semantic entity and relation models
r28,28,Y.-D. Lin and Y.-H. Lu and R.-H. Hwang and Y.-C. Lai and D. Sudyana and W.-B. Lee,Evolving ML-Based Intrusion Detection: Cyber Threat Intelligence for Dynamic Model Updates,2025,"IEEE Transactions on Machine Learning in Communications and Networking, vol. 3, pp. 605-622",10.1109/TMLCN.2025.3564587,https://doi.org/10.1109/TMLCN.2025.3564587,G1,Conceptual artifacts,C3,Operationalization of the CTI cycle and SOC/IR integration
r29,29,N. Rastogi and S. Dutta and A. Gittens and M. J. Zaki and C. Aggarwal,"TINKER: A framework for Open source Cyberthreat Intelligence - 2022 IEEE International Conference on Trust, Security and Privacy in Computing and Communications (TrustCom)",2022,pp. 1569-1574,10.1109/TrustCom56396.2022.00225,https://doi.org/10.1109/TrustCom56396.2022.00225,G2,Technical artifacts,T2,Operational sharing and dissemination
r30,30,B. Bjurling and S. Raza,Cyber Threat Intelligence meets the Analytic Tradecraft,2024,"ACM Trans. Priv. Secur., vol. 28",10.1145/3701299,https://doi.org/10.1145/3701299,G2,Technical artifacts,T5,"Enrichment, correlation, and analysis"
r31,31,S. Freitas and A. Gharib,Web Scale Graph Mining for Cyber Threat Intelligence - Proceedings of the 31st ACM SIGKDD Conference on Knowledge Discovery and Data Mining V.2,2025,"Association for Computing Machinery, pp. 4447--4456",10.1145/3711896.3737274,https://doi.org/10.1145/3711896.3737274,G2,Technical artifacts,T5,"Enrichment, correlation, and analysis"
r32,32,K. Satvat and R. Gjomemo and V. Venkatakrishnan,TIPCE: A Longitudinal Threat Intelligence Platform Comprehensiveness Analysis - Proceedings of the Fourteenth ACM Conference on Data and Application Security and Privacy,2024,"Association for Computing Machinery, pp. 349--360",10.1145/3626232.3653278,https://doi.org/10.1145/3626232.3653278,G2,Technical artifacts,T4,"Curation, quality, and operational-data governance"
r33,33,H.-W. Lee,Malware Attack Indicators of Compromise Generation and Sharing Mechanism for Cyber Threat Intelligence - Proceedings of the 2024 13th International Conference on Software and Computer Applications,2024,"Association for Computing Machinery, pp. 90--96",10.1145/3651781.3651795,https://doi.org/10.1145/3651781.3651795,G4,Representation and semantics,S3,TTP-oriented and attack-chain-oriented representations
r34,34,V. Venkatakrishnan,Real-time Analytics for APT Detection and Threat Hunting Using Cyber-threat Intelligence and Provenance Graphs - Proceedings of the 10th ACM International Workshop on Security and Privacy Analytics,2025,"Association for Computing Machinery, pp. 1",10.1145/3716815.3729016,https://doi.org/10.1145/3716815.3729016,G2,Technical artifacts,T6,Operational consumption and integration
r35,35,S. El Jaouhari and Y. Etiabi,FedCTI: Federated Learning and Cyber Threat Intelligence on the Edge for secure IoT Networks - Proceedings of the 13th International Conference on the Internet of Things,2024,"Association for Computing Machinery, pp. 98--104",10.1145/3627050.3627064,https://doi.org/10.1145/3627050.3627064,G2,Technical artifacts,T5,"Enrichment, correlation, and analysis"
r36,36,H.-W. Lee,Analysis of Digital Forensic Artifacts Data Enrichment Mechanism for Cyber Threat Intelligence - Proceedings of the 2023 12th International Conference on Software and Computer Applications,2023,"Association for Computing Machinery, pp. 192--199",10.1145/3587828.3587857,https://doi.org/10.1145/3587828.3587857,G2,Technical artifacts,T5,"Enrichment, correlation, and analysis"
r37,37,J. Heo and Y. E. Gebremariam and H. Park and B. Kim and I. You,Study on Hybrid Cloud-based Cyber Threat Intelligence Sharing Model Requirements Analysis - Proceedings of the 2020 ACM International Conference on Intelligent Computing and Its Emerging Applications,2021,Association for Computing Machinery,10.1145/3440943.3444737,https://doi.org/10.1145/3440943.3444737,G1,Conceptual artifacts,C1,Governance and ecosystem coordination
r38,38,Bromander and others,Investigating Sharing of Cyber Threat Intelligence and Proposing A New Data Model for Enabling Automation in Knowledge Representation and Exchange,2021,"Digital Threats, vol. 3",10.1145/3458027,https://doi.org/10.1145/3458027,G4,Representation and semantics,S2,Semantic entity and relation models
r39,39,P. Gao and X. Liu and E. Choi and S. Ma and X. Yang and D. Song,ThreatKG: An AI-Powered System for Automated Open-Source Cyber Threat Intelligence Gathering and Management - Proceedings of the 1st ACM Workshop on Large AI Systems and Models with Privacy and Safety Analysis,2024,"Association for Computing Machinery, pp. 1--12",10.1145/3689217.3690613,https://doi.org/10.1145/3689217.3690613,G2,Technical artifacts,T2,Operational sharing and dissemination
r40,40,M. Pahlevan and A. Voulkidis and T.-H. Velivassaki,"Secure exchange of cyber threat intelligence using TAXII and distributed ledger technologies - application for electrical power and energy system - Proceedings of the 16th International Conference on Availability, Reliability and Security",2021,Association for Computing Machinery,10.1145/3465481.3470476,https://doi.org/10.1145/3465481.3470476,G3,Interoperability,I2,Protocols and transport mechanisms
r41,41,C. Sauerwein and D. Fischer and M. Rubsamen and G. Rosenberger and D. Stelzer and R. Breu,"From Threat Data to Actionable Intelligence: An Exploratory Analysis of the Intelligence Cycle Implementation in Cyber Threat Intelligence Sharing Platforms - Proceedings of the 16th International Conference on Availability, Reliability and Security",2021,Association for Computing Machinery,10.1145/3465481.3470048,https://doi.org/10.1145/3465481.3470048,G1,Conceptual artifacts,C3,Operationalization of the CTI cycle and SOC/IR integration
r42,42,F. Marchiori and M. Conti and N. V. Verde,"STIXnet: A Novel and Modular Solution for Extracting All STIX Objects in CTI Reports - Proceedings of the 18th International Conference on Availability, Reliability and Security",2023,Association for Computing Machinery,10.1145/3600160.3600182,https://doi.org/10.1145/3600160.3600182,G3,Interoperability,I1,Standardized CTI models and formats
r43,43,T. Paladini and L. Ferro and M. Polino and S. Zanero and M. Carminati,"You Might Have Known It Earlier: Analyzing the Role of Underground Forums in Threat Intelligence - Proceedings of the 27th International Symposium on Research in Attacks, Intrusions and Defenses",2024,"Association for Computing Machinery, pp. 368--383",10.1145/3678890.3678930,https://doi.org/10.1145/3678890.3678930,G2,Technical artifacts,T5,"Enrichment, correlation, and analysis"
r44,44,W. Gan and B. Liu,Research on the Framework of Network Security Threat Intelligence Crawler - Proceedings of the 2025 International Conference on Software Engineering and Computer Applications,2025,"Association for Computing Machinery, pp. 88--92",10.1145/3747912.3747926,https://doi.org/10.1145/3747912.3747926,G1,Conceptual artifacts,C3,Operationalization of the CTI cycle and SOC/IR integration
r45,45,M. T. Alam and D. Bhusal and Y. Park and N. Rastogi,"Looking Beyond IoCs: Automatically Extracting Attack Patterns from External CTI - Proceedings of the 26th International Symposium on Research in Attacks, Intrusions and Defenses",2023,"Association for Computing Machinery, pp. 92--108",10.1145/3607199.3607208,https://doi.org/10.1145/3607199.3607208,G4,Representation and semantics,S3,TTP-oriented and attack-chain-oriented representations
r46,46,W. Ou and S. Ding and M. Zulkernine and L. T. Li and S. Labrosse,VeriBin: A Malware Authorship Verification Approach for APT Tracking through Explainable and Functionality-Debiasing Adversarial Representation Learning,2024,"ACM Trans. Priv. Secur., vol. 27",10.1145/3669901,https://doi.org/10.1145/3669901,G2,Technical artifacts,T5,"Enrichment, correlation, and analysis"
r47,47,H. Nakano and D. Chiba and T. Koide and N. Fukushi and T. Yagi and T. Hariu and others,"Canary in Twitter Mine: Collecting Phishing Reports from Experts and Non-experts - Proceedings of the 18th International Conference on Availability, Reliability and Security",2023,Association for Computing Machinery,10.1145/3600160.3600163,https://doi.org/10.1145/3600160.3600163,G2,Technical artifacts,T3,Ingestion and normalization
r48,48,N. Rani and B. Saha and V. Maurya and S. K. Shukla,TTPXHunter: Actionable Threat Intelligence Extraction as TTPs from Finished Cyber Threat Reports,2024,"Digital Threats, vol. 5",10.1145/3696427,https://doi.org/10.1145/3696427,G2,Technical artifacts,T5,"Enrichment, correlation, and analysis"
r49,49,M. Kern and F. Skopik and M. Landauer and E. Weippl,Strategic selection of data sources for cyber attack detection in enterprise networks: a survey and approach - Proceedings of the 37th ACM/SIGAPP Symposium on Applied Computing,2022,"Association for Computing Machinery, pp. 1656--1665",10.1145/3477314.3507022,https://doi.org/10.1145/3477314.3507022,G4,Representation and semantics,S3,TTP-oriented and attack-chain-oriented representations
r50,50,M. Akbari Gurabi and L. Nitz and A. Bregar and J. Popanda and C. Siemers and R. Matzutt and others,"Requirements for Playbook-Assisted Cyber Incident Response, Reporting and Automation",2024,"Digital Threats, vol. 5",10.1145/3688810,https://doi.org/10.1145/3688810,G1,Conceptual artifacts,C3,Operationalization of the CTI cycle and SOC/IR integration
r51,51,F. Dong and S. Li and P. Jiang and D. Li and H. Wang and L. Huang and others,Are we there yet? An Industrial Viewpoint on Provenance-based Endpoint Detection and Response Tools - Proceedings of the 2023 ACM SIGSAC Conference on Computer and Communications Security,2023,"Association for Computing Machinery, pp. 2396--2410",10.1145/3576915.3616580,https://doi.org/10.1145/3576915.3616580,G2,Technical artifacts,T1,TIPs and end-to-end integrated suites
r52,52,S. H. A. Kazmi and R. Hassan and F. Qamar and K. Nisar and M. A. Al-Betar,Federated Conditional Variational Auto Encoders for Cyber Threat Intelligence: Tackling Non-IID Data in SDN Environments,2025,"IEEE ACCESS, vol. 13, pp. 26273-26288",10.1109/ACCESS.2025.3529894,https://doi.org/10.1109/ACCESS.2025.3529894,G1,Conceptual artifacts,C2,"Trust, auditability, accountability, and privacy"
r53,53,D. R. Arikkat and P. Vinod and K. A. R. Rehiman and C. A. Visaggio and A. Di Sorbo and M. Conti,Discerning reliable cyber threat indicators for timely Cyber Threat Intelligence,2025,"JOURNAL OF COMPUTER VIROLOGY AND HACKING TECHNIQUES, vol. 21",10.1007/s11416-025-00561-5,https://doi.org/10.1007/s11416-025-00561-5,G4,Representation and semantics,S1,Taxonomies for terminological standardization and classification
r54,54,E. Irshad and A. B. Siddiqui,Cyber threat attribution using unstructured reports in cyber threat intelligence,2023,"Egyptian Informatics Journal, vol. 24, pp. 43-59",\url{https://doi.org/10.1016/j.eij.2022.11.001.},https://doi.org/\url{https://doi.org/10.1016/j.eij.2022.11.001.},G2,Technical artifacts,T5,"Enrichment, correlation, and analysis"
r55,55,F. Sufi,A global cyber-threat intelligence system with artificial intelligence and convolutional neural network,2023,"Decision Analytics Journal, vol. 9, pp. 100364",\url{https://doi.org/10.1016/j.dajour.2023.100364.},https://doi.org/\url{https://doi.org/10.1016/j.dajour.2023.100364.},G2,Technical artifacts,T1,TIPs and end-to-end integrated suites
r56,56,M. Alshehri,Generic Attribute Scoring for Information Decay in Threat Information Sharing Platform,2020,"Computers, Materials and Continua, vol. 67, pp. 917-931",\url{https://doi.org/10.32604/cmc.2021.014848.},https://doi.org/\url{https://doi.org/10.32604/cmc.2021.014848.},G2,Technical artifacts,T2,Operational sharing and dissemination
r57,57,C. Ma and Z. Jiang and K. Zhang and Z. Ling and J. Jiang and Y. You and others,TIMFuser: A multi-granular fusion framework for cyber threat intelligence,2025,"Computers & Security, vol. 148, pp. 104141",\url{https://doi.org/10.1016/j.cose.2024.104141.},https://doi.org/\url{https://doi.org/10.1016/j.cose.2024.104141.},G4,Representation and semantics,S3,TTP-oriented and attack-chain-oriented representations
r58,58,P.-C. Lin and W.-H. Hsu and Y.-D. Lin and R.-H. Hwang and H.-K. Wu and Y.-C. Lai and others,Correlation of cyber threat intelligence with sightings for intelligence assessment and augmentation,2023,"Computer Networks, vol. 228, pp. 109736",\url{https://doi.org/10.1016/j.comnet.2023.109736.},https://doi.org/\url{https://doi.org/10.1016/j.comnet.2023.109736.},G2,Technical artifacts,T1,TIPs and end-to-end integrated suites
r59,59,C. Liu and J. Wang and X. Chen,Threat intelligence ATT&CK extraction based on the attention transformer hierarchical recurrent neural network,2022,"Applied Soft Computing, vol. 122, pp. 108826",\url{https://doi.org/10.1016/j.asoc.2022.108826.},https://doi.org/\url{https://doi.org/10.1016/j.asoc.2022.108826.},G4,Representation and semantics,S3,TTP-oriented and attack-chain-oriented representations
r60,60,Y. Wang and R. Nayak and M. A. Bashar and M. Chandramohan,Latent space refinement for unsupervised cyber threat text classification,2025,"Knowledge-Based Systems, vol. 329, pp. 114399",\url{https://doi.org/10.1016/j.knosys.2025.114399.},https://doi.org/\url{https://doi.org/10.1016/j.knosys.2025.114399.},G4,Representation and semantics,S1,Taxonomies for terminological standardization and classification
r61,61,S. K. Addison and M. Tahir and J. Isoaho,Experimental Implementation of a Low Cost Real-Time Threat Intelligence Solution for Smart Home Security,2025,"Procedia Computer Science, vol. 257, pp. 575-582",\url{https://doi.org/10.1016/j.procs.2025.03.074.},https://doi.org/\url{https://doi.org/10.1016/j.procs.2025.03.074.},G2,Technical artifacts,T2,Operational sharing and dissemination
r62,62,D. Preuveneers and W. Joosen,Privacy-preserving correlation of cross-organizational cyber threat intelligence with private graph intersections,2023,"Computers & Security, vol. 135, pp. 103505",\url{https://doi.org/10.1016/j.cose.2023.103505.},https://doi.org/\url{https://doi.org/10.1016/j.cose.2023.103505.},G2,Technical artifacts,T2,Operational sharing and dissemination
r63,63,M. Repetto,"Adaptive monitoring, detection, and response for agile digital service chains",2023,"Computers & Security, vol. 132, pp. 103343",\url{https://doi.org/10.1016/j.cose.2023.103343.},https://doi.org/\url{https://doi.org/10.1016/j.cose.2023.103343.},G2,Technical artifacts,T1,TIPs and end-to-end integrated suites
r64,64,W. Ge and J. Wang and T. Lin and B. Tang and X. Li,Explainable cyber threat behavior identification based on self-adversarial topic generation,2023,"Computers & Security, vol. 132, pp. 103369",\url{https://doi.org/10.1016/j.cose.2023.103369.},https://doi.org/\url{https://doi.org/10.1016/j.cose.2023.103369.},G4,Representation and semantics,S3,TTP-oriented and attack-chain-oriented representations
r65,65,G. González-Granadillo and M. Faiella and I. Medeiros and R. Azevedo and S. González-Zarzosa,"ETIP: An Enriched Threat Intelligence Platform for improving OSINT correlation, analysis, visualization and sharing capabilities",2021,"Journal of Information Security and Applications, vol. 58, pp. 102715",\url{https://doi.org/10.1016/j.jisa.2020.102715.},https://doi.org/\url{https://doi.org/10.1016/j.jisa.2020.102715.},G2,Technical artifacts,T4,"Curation, quality, and operational-data governance"
r66,66,P. Balasubramanian and S. Nazari and D. K. Kholgh and A. Mahmoodi and J. Seby and P. Kostakos,A cognitive platform for collecting cyber threat intelligence and real-time detection using cloud computing,2025,"Decision Analytics Journal, vol. 14, pp. 100545",\url{https://doi.org/10.1016/j.dajour.2025.100545.},https://doi.org/\url{https://doi.org/10.1016/j.dajour.2025.100545.},G2,Technical artifacts,T1,TIPs and end-to-end integrated suites
r67,67,S. Zhang and X. Su and P. Shi and T. Du and Y. Han,Threat Modeling and Application Research Based on Multi-Source Attack and Defense Knowledge,2023,"Computers, Materials and Continua, vol. 77, pp. 349-377",\url{https://doi.org/10.32604/cmc.2023.040964.},https://doi.org/\url{https://doi.org/10.32604/cmc.2023.040964.},G4,Representation and semantics,S3,TTP-oriented and attack-chain-oriented representations
r68,68,M. Allegretta and G. Siracusano and R. González and M. Gramaglia and J. Caballero,Web of shadows: Investigating malware abuse of internet services,2025,"Computers & Security, vol. 149, pp. 104182",\url{https://doi.org/10.1016/j.cose.2024.104182.},https://doi.org/\url{https://doi.org/10.1016/j.cose.2024.104182.},G2,Technical artifacts,T6,Operational consumption and integration
r69,69,A. E. Torres and F. Torres and A. T. Budgud,Cyber Threat Intelligence Methodologies: Hunting Cyber Threats with Threat Intelligence Platforms and Deception Techniques - 2nd EAI International Conference on Smart Technology,2022,"Springer International Publishing, pp. 15--37",10.1007/978-3-031-07670-1_2,https://doi.org/10.1007/978-3-031-07670-1_2,G4,Representation and semantics,S3,TTP-oriented and attack-chain-oriented representations
r70,70,J. Lyu and A. Song and E. Seo and G. Kim,An exploratory analysis of the DPRK cyber threat landscape using publicly available reports,2025,"International Journal of Information Security, vol. 24",10.1007/s10207-025-00980-x,https://doi.org/10.1007/s10207-025-00980-x,G4,Representation and semantics,S4,Sectoral or contextualized taxonomies and ontologies
r71,71,S. El Haddouti and W. Lazraq,TinyML strategies for privacy-preserving and cyber threat multi-classification in edge-IoT networks,2025,"Computing, vol. 107",10.1007/s00607-025-01522-y,https://doi.org/10.1007/s00607-025-01522-y,G2,Technical artifacts,T1,TIPs and end-to-end integrated suites
r72,72,L. Chase and A. Mohasseb and B. Aziz,The LeWiS Method: Target Variable Estimation Using Cyber Security Intelligence,2024,"SN Computer Science, vol. 5",10.1007/s42979-024-02744-1,https://doi.org/10.1007/s42979-024-02744-1,G4,Representation and semantics,S2,Semantic entity and relation models
r73,73,P. Huff and Q. Li,A Distributed Ledger for Non-attributable Cyber Threat Intelligence Exchange - Security and Privacy in Communication Networks,2021,"Springer International Publishing, pp. 164--184",10.1007/978-3-030-90019-9_9,https://doi.org/10.1007/978-3-030-90019-9_9,G2,Technical artifacts,T3,Ingestion and normalization
r74,74,M. Repetto and D. Striccoli and G. Piro and A. Carrega and G. Boggia and R. Bolla,An Autonomous Cybersecurity Framework for Next-generation Digital Service Chains,2021,"Journal of Network and Systems Management, vol. 29",10.1007/s10922-021-09607-7,https://doi.org/10.1007/s10922-021-09607-7,G1,Conceptual artifacts,C3,Operationalization of the CTI cycle and SOC/IR integration
r75,75,A. Yeboah-Ofori and H. Mouratidis and U. Ismai and S. Islam and S. Papastergiou,Cyber Supply Chain Threat Analysis and Prediction Using Machine Learning and Ontology - Artificial Intelligence Applications and Innovations,2021,"Springer International Publishing, pp. 518--530",10.1007/978-3-030-79150-6_41,https://doi.org/10.1007/978-3-030-79150-6_41,G4,Representation and semantics,S1,Taxonomies for terminological standardization and classification
r76,76,G. Sakellariou and N. M. Katsantonis and P. E. Fouliras,Probabilistic Measurement of CTI Quality for Large Numbers of Unstructured CTI Products,2025,"Electronics (Switzerland), vol. 14",10.3390/electronics14091826,https://doi.org/10.3390/electronics14091826,G4,Representation and semantics,S4,Sectoral or contextualized taxonomies and ontologies
r77,77,A. Peratikou and N. null and P. Smyrli and S. Stavrou,ATHENA: A Federated Architecture for Cross-Border Cybersecurity Operations and Situational Awareness,2025,"Institute of Electrical and Electronics Engineers Inc., pp. 1037 - 1042",10.1109/CSR64739.2025.11129994,https://doi.org/10.1109/CSR64739.2025.11129994,G2,Technical artifacts,T5,"Enrichment, correlation, and analysis"
r78,78,S. Purohit and R. L. Neupane and N. R. Bhamidipati and V. Vakkavanthula and S. Wang and M. Rockey and others,Cyber Threat Intelligence Sharing for Co-Operative Defense in Multi-Domain Entities,2023,"IEEE Transactions on Dependable and Secure Computing, vol. 20, pp. 4273 - 4290",10.1109/TDSC.2022.3214423,https://doi.org/10.1109/TDSC.2022.3214423,G2,Technical artifacts,T5,"Enrichment, correlation, and analysis"
r79,79,T. Jiang and G. Shen and C. Guo and Y. Cui and B. Xie,BFLS: Blockchain and Federated Learning for sharing threat detection models as Cyber Threat Intelligence,2023,"Computer Networks, vol. 224",10.1016/j.comnet.2023.109604,https://doi.org/10.1016/j.comnet.2023.109604,G4,Representation and semantics,S1,Taxonomies for terminological standardization and classification
r80,80,D. Chatziamanetoglou and K. Rantos and A. Michienzi,Blockchain-Based Cyber Threat Intelligence Sharing Using Proof-of-Quality Consensus,2023,"Security and Communication Networks, vol. 2023",10.1155/2023/3303122,https://doi.org/10.1155/2023/3303122,G2,Technical artifacts,T1,TIPs and end-to-end integrated suites
r81,81,L. J. B. Amaro and B. W. P. Azevedo and F. L. De Mendonca and W. F. Giozza and R. D. O. Albuquerque and L. J. G. Villalba,"Methodological Framework to Collect, Process, Analyze and Visualize Cyber Threat Intelligence Data",2022,"Applied Sciences (Switzerland), vol. 12",10.3390/app12031205,https://doi.org/10.3390/app12031205,G2,Technical artifacts,T4,"Curation, quality, and operational-data governance"
r82,82,S. N. Matheu-Garcia and A. F. Skarmeta,Defining the Threat Manufacturer Usage Description Model for Sharing Mitigation Actions,2022,Institute of Electrical and Electronics Engineers Inc,10.1109/6GNet54646.2022.9830415,https://doi.org/10.1109/6GNet54646.2022.9830415,G1,Conceptual artifacts,C3,Operationalization of the CTI cycle and SOC/IR integration
r83,83,D. Schlette and M. Vielberth and G. Pernul,"CTI-SOC2M2 -- The quest for mature, intelligence-driven security operations and incident response capabilities: CTI-driven SOC capability maturity model",2021,"Computers and Security, vol. 111",10.1016/j.cose.2021.102482,https://doi.org/10.1016/j.cose.2021.102482,G1,Conceptual artifacts,C4,"Assessment models for maturity, capabilities, and readiness"
r84,84,D. Chatziamanetoglou and K. Rantos,CTI blockchain-based sharing using proof-of-quality consensus algorithm,2021,"Institute of Electrical and Electronics Engineers Inc., pp. 331 - 336",10.1109/CSR51186.2021.9527959,https://doi.org/10.1109/CSR51186.2021.9527959,G1,Conceptual artifacts,C2,"Trust, auditability, accountability, and privacy"
r85,85,S. Gong and C. Lee,Cyber threat intelligence framework for incident response in an energy cloud platform,2021,"Electronics (Switzerland), vol. 10, pp. 1 - 19",10.3390/electronics10030239,https://doi.org/10.3390/electronics10030239,G3,Interoperability,I3,Actionable detection and response formats
r86,86,C. Dalamagkas and D. Asimopoulos and P. Radoglou-Grammatikis and N. Maropoulos and T. Lagkas and V. Argyriou and others,AI4COLLAB: An AI-based Threat Information Sharing Platform - 2024 IEEE International Conference on Cyber Security and Resilience (CSR),2024,pp. 783-788,10.1109/CSR61664.2024.10679429,https://doi.org/10.1109/CSR61664.2024.10679429,G2,Technical artifacts,T6,Operational consumption and integration
r87,87,S. D. Çakmakçı and S. Catalkaya and K. O. Detken and E. Eren,Central Security Incident Management Platform in Industry 4.0 with Threat Intelligence Interface - 2023 IEEE 12th International Conference on Intelligent Data Acquisition and Advanced Computing Systems: Technology and Applications (IDAACS),2023,"vol. 1, pp. 169-174",10.1109/IDAACS58523.2023.10348934,https://doi.org/10.1109/IDAACS58523.2023.10348934,G2,Technical artifacts,T6,Operational consumption and integration
r88,88,A. Ahmad,"A Protocol for Monitoring Network Threats in Real-Time, 2023 Congress in Computer Science, Computer Engineering, & Applied Computing (CSCE)",2023,pp. 2308-2315,10.1109/CSCE60160.2023.00376,https://doi.org/10.1109/CSCE60160.2023.00376,G2,Technical artifacts,T1,TIPs and end-to-end integrated suites
r89,89,H. M. Mustafa and S. Basumallik and C. Vellaithurai and A. Srivastava,Threat Detection in Power Grid OT Networks: Unsupervised ML and Cyber Intelligence Sharing with STIX - 2024 12th Workshop on Modeling and Simulation of Cyber-Physical Energy Systems (MSCPES),2024,pp. 1-6,10.1109/MSCPES62135.2024.10542775,https://doi.org/10.1109/MSCPES62135.2024.10542775,G2,Technical artifacts,T1,TIPs and end-to-end integrated suites
r90,90,J. Song,"A Chinese Cyber Threat Intelligence Named Entity Recognition Method - Proceedings of the 4th International Conference on Computer, Artificial Intelligence and Control Engineering",2025,"Association for Computing Machinery, pp. 848--853",10.1145/3727648.3727787,https://doi.org/10.1145/3727648.3727787,G2,Technical artifacts,T2,Operational sharing and dissemination
r91,91,C.-M. Chen and F.-H. Hsu and J.-N. Hwang,Useful Cyber Threat Intelligence Relation Retrieval Using Transfer Learning - Proceedings of the 2023 European Interdisciplinary Cybersecurity Conference,2023,"Association for Computing Machinery, pp. 42--46",10.1145/3590777.3590784,https://doi.org/10.1145/3590777.3590784,G4,Representation and semantics,S2,Semantic entity and relation models
r92,92,D. Westmoreland and G. Hossain,Enhancing Cloud Data Processing with Amortized Analysis and Splay Trees for Cyber Threat Intelligence - Proceedings of the 2023 Fifteenth International Conference on Contemporary Computing,2023,"Association for Computing Machinery, pp. 142--146",10.1145/3607947.3607972,https://doi.org/10.1145/3607947.3607972,G2,Technical artifacts,T1,TIPs and end-to-end integrated suites
r93,93,M. Husák and P. Sokol and M. Žádník and V. Bartoš and M. Horák,Lessons Learned from Automated Sharing of Intrusion Detection Alerts: The Case of the SABU Platform,2023,"Digital Threats, vol. 4",10.1145/3611391,https://doi.org/10.1145/3611391,G1,Conceptual artifacts,C3,Operationalization of the CTI cycle and SOC/IR integration
r94,94,M. Wurzenberger and others,"NEWSROOM: Towards Automating Cyber Situational Awareness Processes and Tools for Cyber Defense - Proceedings of the 19th International Conference on Availability, Reliability and Security",2024,Association for Computing Machinery,10.1145/3664476.3670914,https://doi.org/10.1145/3664476.3670914,G2,Technical artifacts,T6,Operational consumption and integration
r95,95,S. He and J. Fu and W. Jiang and Y. Cheng and J. Chen and Z. Guo,BloTISRT: Blockchain-based Threat Intelligence Sharing and Rating Technology - Proceedings of the 2020 International Conference on Cyberspace Innovation of Advanced Technologies,2021,"Association for Computing Machinery, pp. 524--534",10.1145/3444370.3444623,https://doi.org/10.1145/3444370.3444623,G2,Technical artifacts,T2,Operational sharing and dissemination
r96,96,M. Asiri and N. Saxena and R. Gjomemo and P. Burnap,Understanding Indicators of Compromise against Cyber-attacks in Industrial Control Systems: A Security Perspective,2023,"ACM Trans. Cyber-Phys. Syst., vol. 7",10.1145/3587255,https://doi.org/10.1145/3587255,G2,Technical artifacts,T6,Operational consumption and integration
r97,97,Y. Xie and J. Bao and R. Zong and Z. Gu and H. Wang,Few-shot relation extraction approach for threat intelligence based on multi-level attention mechanism and hybrid prototypical network,2025,"Array, vol. 26, pp. 100405",\url{https://doi.org/10.1016/j.array.2025.100405.},https://doi.org/\url{https://doi.org/10.1016/j.array.2025.100405.},G2,Technical artifacts,T3,Ingestion and normalization
r98,98,S.-A. Sadegh-Zadeh and M. Tajdini,An unsupervised machine learning approach for cyber threat detection using geographic profiling and Domain Name System data,2025,"Decision Analytics Journal, vol. 15, pp. 100576",\url{https://doi.org/10.1016/j.dajour.2025.100576.},https://doi.org/\url{https://doi.org/10.1016/j.dajour.2025.100576.},G2,Technical artifacts,T6,Operational consumption and integration
r99,99,I. Sarhan and M. Spruit,Open-CyKG: An Open Cyber Threat Intelligence Knowledge Graph,2021,"Knowledge-Based Systems, vol. 233, pp. 107524",\url{https://doi.org/10.1016/j.knosys.2021.107524.},https://doi.org/\url{https://doi.org/10.1016/j.knosys.2021.107524.},G2,Technical artifacts,T5,"Enrichment, correlation, and analysis"
r100,100,O. Yurekten and M. Demirci,Citadel: Cyber threat intelligence assisted defense system for software-defined networks,2021,"Computer Networks, vol. 191, pp. 108013",\url{https://doi.org/10.1016/j.comnet.2021.108013.},https://doi.org/\url{https://doi.org/10.1016/j.comnet.2021.108013.},G2,Technical artifacts,T1,TIPs and end-to-end integrated suites
r101,101,C. Islam and M. A. Babar and R. Croft and H. Janicke,SmartValidator: A framework for automatic identification and classification of cyber threat data,2022,"Journal of Network and Computer Applications, vol. 202, pp. 103370",\url{https://doi.org/10.1016/j.jnca.2022.103370.},https://doi.org/\url{https://doi.org/10.1016/j.jnca.2022.103370.},G2,Technical artifacts,T1,TIPs and end-to-end integrated suites
r102,102,E. Zacharioudakis and E. Kakoulli,A Scalable Cybersecurity Model for Shared SOCs in SMEs - Proceedings of the Fourth International Conference on Innovations in Computing Research (ICR'25),2025,"Springer Nature Switzerland, pp. 257--269",10.1007/978-3-031-95652-2_22,https://doi.org/10.1007/978-3-031-95652-2_22,G2,Technical artifacts,T6,Operational consumption and integration
r103,103,J. Bennaceur and W. Zouaghi and A. Mabrouk,Multi-Dimensional Trust Model: Towards Multi-Layered Secure Architecture for Enhanced Threat Information Sharing,2025,Journal of Systems Science and Systems Engineering,10.1007/s11518-024-5631-y,https://doi.org/10.1007/s11518-024-5631-y,G1,Conceptual artifacts,C2,"Trust, auditability, accountability, and privacy"
r104,104,L. Chase and A. Mohasseb and B. Aziz,"Epistemology for Cyber Security: A Controlled Natural Language Approach - Advances in Information Systems, Artificial Intelligence and Knowledge Management",2024,"Springer Nature Switzerland, pp. 267--282",10.1007/978-3-031-51664-1_19,https://doi.org/10.1007/978-3-031-51664-1_19,G3,Interoperability,I1,Standardized CTI models and formats
r105,105,D. Chatziamanetoglou and K. Rantos,Weighted quality criteria for cyber threat intelligence: assessment and prioritization in the MISP data model,2025,"International Journal of Information Security, vol. 24",10.1007/s10207-025-01080-6,https://doi.org/10.1007/s10207-025-01080-6,G2,Technical artifacts,T4,"Curation, quality, and operational-data governance"
r106,106,M. Boughdiri and M. Hkima and T. Abdelatif and C. G. Guégan,A standard-driven framework for blockchain security risk assessment,2025,"Peer-to-Peer Networking and Applications, vol. 18",10.1007/s12083-025-02042-4,https://doi.org/10.1007/s12083-025-02042-4,G4,Representation and semantics,S3,TTP-oriented and attack-chain-oriented representations
r107,107,A. Dimitriadis and A. Papoutsis and D. Kavalieros and T. Tsikrika and S. Vrochidis and I. (. Kompatsiaris,EVACTI: evaluating the actionability of cyber threat intelligence,2025,"International Journal of Information Security, vol. 24",10.1007/s10207-025-01033-z,https://doi.org/10.1007/s10207-025-01033-z,G2,Technical artifacts,T1,TIPs and end-to-end integrated suites
r108,108,S. (. Arisian and K. Halat and A. Hafezalkotob and R. Maskey,Coopetitive Resilience: Integrating Cyber Threat Intelligence Platforms in Critical Supply Chains,2025,"Transportation Research Part E: Logistics and Transportation Review, vol. 197",10.1016/j.tre.2025.104043,https://doi.org/10.1016/j.tre.2025.104043,G2,Technical artifacts,T4,"Curation, quality, and operational-data governance"
r109,109,A. Ali and R. Hwang and Y. D. J. Lin,"Evaluating Cyber Threat Intelligence: Accuracy, Completeness, Relevance, and Freshness",2025,IEEE Access,10.1109/ACCESS.2025.3606477,https://doi.org/10.1109/ACCESS.2025.3606477,G2,Technical artifacts,T1,TIPs and end-to-end integrated suites
r110,110,C. Abraham and F. Bélanger and S. Daultrey,Promoting research on cyber threat intelligence sharing in ecosystems,2025,"Journal of Cybersecurity, vol. 11",10.1093/cybsec/tyaf016,https://doi.org/10.1093/cybsec/tyaf016,G2,Technical artifacts,T7,Technical protection controls in sharing
r111,111,G. Sakellariou and P. E. Fouliras and I. K. Mavridis,A Methodology for Developing & Assessing CTI Quality Metrics,2024,"IEEE Access, vol. 12, pp. 6225 - 6238",10.1109/ACCESS.2024.3351108,https://doi.org/10.1109/ACCESS.2024.3351108,G1,Conceptual artifacts,C4,"Assessment models for maturity, capabilities, and readiness"
r112,112,M. Ammi and Y. M. Jama,Cyber Threat Hunting Case Study using MISP,2023,"Journal of Internet Services and Information Security, vol. 13, pp. 1 - 29",10.58346/JISIS.2023.I2.001,https://doi.org/10.58346/JISIS.2023.I2.001,G2,Technical artifacts,T6,Operational consumption and integration
r113,113,X. Wang and R. Chen and B. Song and J. Yang and Z. Jiang and X. Zhang and others,A Method for Extracting Unstructured Threat Intelligence Based on Dictionary Template and Reinforcement Learning,2021,"Institute of Electrical and Electronics Engineers Inc., pp. 262 - 267",10.1109/CSCWD49262.2021.9437858,https://doi.org/10.1109/CSCWD49262.2021.9437858,G4,Representation and semantics,S1,Taxonomies for terminological standardization and classification
r114,114,B. C. Collins and S. Xu and P. N. Brown,Paying Firms to Share Cyber Threat Intelligence,2021,"Lecture Notes in Computer Science, vol. 13061, pp. 365 - 377",10.1007/978-3-030-90370-1_20,https://doi.org/10.1007/978-3-030-90370-1_20,G2,Technical artifacts,T1,TIPs and end-to-end integrated suites
r115,115,G. Kokkinis and G. Dimitrakopoulou and L. Tortora and D. Doumenis and E. Keremidou and F. Rizzoni and others,Enhancing Cybersecurity through Integrated Business Continuity Management and Cyber Threat Intelligence - 2025 6th International Conference in Electronic Engineering & Information Technology (EEITE),2025,pp. 1-6,10.1109/EEITE65381.2025.11166309,https://doi.org/10.1109/EEITE65381.2025.11166309,G1,Conceptual artifacts,C5,Sectoral and compliance-oriented models and architectures
r116,116,T. Geras and T. Schreck,"The 'Big Beast to Tackle': Practices in Quality Assurance for Cyber Threat Intelligence - Proceedings of the 27th International Symposium on Research in Attacks, Intrusions and Defenses",2024,"Association for Computing Machinery, pp. 337--352",10.1145/3678890.3678903,https://doi.org/10.1145/3678890.3678903,G2,Technical artifacts,T2,Operational sharing and dissemination
r117,117,D. Preuveneers and W. Joosen,"Privacy-Preserving Polyglot Sharing and Analysis of Confidential Cyber Threat Intelligence - Proceedings of the 17th International Conference on Availability, Reliability and Security",2022,Association for Computing Machinery,10.1145/3538969.3538982,https://doi.org/10.1145/3538969.3538982,G2,Technical artifacts,T1,TIPs and end-to-end integrated suites
r118,118,J. Hautamaki and T. Hamalainen,A model of Cyber Threat Information Sharing with the Novel Network Topology - Proceedings of the 12th International Conference on Advances in Information Technology,2021,Association for Computing Machinery,10.1145/3468784.3468885,https://doi.org/10.1145/3468784.3468885,G2,Technical artifacts,T1,TIPs and end-to-end integrated suites
r119,119,Y. Zhou and Z. Wang and Y. Jiang and B. Ma and R. Wang and Y. Liu and others,AEKG4APT: An AI-Enhanced Knowledge Graph for Advanced Persistent Threats with Large Language Model Analysis,2025,ACM Trans. Intell. Syst. Technol,10.1145/3735645,https://doi.org/10.1145/3735645,G4,Representation and semantics,S2,Semantic entity and relation models
r120,120,T. Riebe and M.-A. Kaufhold and C. Reuter,The Impact of Organizational Structure and Technology Use on Collaborative Practices in Computer Emergency Response Teams: An Empirical Study,2021,"Proc. ACM Hum.-Comput. Interact., vol. 5",10.1145/3479865,https://doi.org/10.1145/3479865,G1,Conceptual artifacts,C1,Governance and ecosystem coordination
r121,121,F. Jiang and F. Zhang and H. Hong,"Research of Threat Intelligence Architecture Based on Internal Threat Intelligence - Proceedings of the 2025 4th International Conference on Intelligent Systems, Communications and Computer Networks",2025,"Association for Computing Machinery, pp. 8--15",10.1145/3732945.3732947,https://doi.org/10.1145/3732945.3732947,G4,Representation and semantics,S1,Taxonomies for terminological standardization and classification
r122,122,A. V. Vevera and C. E. Cirnu and C. Z. Radulescu,A Multi-Attribute Approach for Cyber Threat Intelligence Product and Services Selection,2022,"STUDIES IN INFORMATICS AND CONTROL, vol. 31, pp. 13-23",10.24846/v31i1y202202,https://doi.org/10.24846/v31i1y202202,G3,Interoperability,I1,Standardized CTI models and formats
r123,123,W. Shang and B. Wang and P. Zhu and L. Ding and S. Wang,A Span-based Multivariate Information-aware Embedding Network for joint relational triplet extraction of threat intelligence,2024,"Knowledge-Based Systems, vol. 295, pp. 111829",\url{https://doi.org/10.1016/j.knosys.2024.111829.},https://doi.org/\url{https://doi.org/10.1016/j.knosys.2024.111829.},G4,Representation and semantics,S4,Sectoral or contextualized taxonomies and ontologies
r124,124,E. Jollès and S. Gillard and D. Percia David and M. Strohmeier and A. Mermoud,Building Collaborative Cybersecurity for Critical Infrastructure Protection: Empirical Evidence of Collective Intelligence Information Sharing Dynamics on ThreatFox - Critical Information Infrastructures Security,2023,"Springer Nature Switzerland, pp. 140--157",10.1007/978-3-031-35190-7_10,https://doi.org/10.1007/978-3-031-35190-7_10,G2,Technical artifacts,T5,"Enrichment, correlation, and analysis"
r125,125,H. C. Nguyen and S. Tariq and M. Baruwal Chhetri and B. Q. Vo,Towards Effective Identification of Attack Techniques in Cyber Threat Intelligence Reports using Large Language Models,2025,"Association for Computing Machinery, Inc, pp. 942 - 946",10.1145/3701716.3715469,https://doi.org/10.1145/3701716.3715469,G4,Representation and semantics,S3,TTP-oriented and attack-chain-oriented representations
r126,126,F. Perrina and F. Marchiori and M. Conti and N. V. Verde,AGIR: Automating Cyber Threat Intelligence Reporting with Natural Language Generation,2023,"Institute of Electrical and Electronics Engineers Inc., pp. 3053 - 3062",10.1109/BigData59044.2023.10386116,https://doi.org/10.1109/BigData59044.2023.10386116,G4,Representation and semantics,S2,Semantic entity and relation models
r127,127,W. Al-Sharu and M. K. Qabalin and M. Naser and O. A. Saraerh,A Secure Framework for Blockchain Transactions Protection,2023,"Computer Systems Science and Engineering, vol. 45, pp. 1095 - 1111, 2023, doi: 10.32604/csse, 032862",,,G2,Technical artifacts,T2,Operational sharing and dissemination
r128,128,A. Sleem and I. M. El-Henawy,Enhancing Cyber Threat Intelligence Sharing through a Privacy-Preserving Federated Learning Approach,2022,"Journal of Cybersecurity and Information Management, vol. 9, pp. 51 - 59",10.54216/JCIM.090205,https://doi.org/10.54216/JCIM.090205,G2,Technical artifacts,T6,Operational consumption and integration
r129,129,W. Maina and L. Nderu and T. Mwalili,A Smart Contract Approach to Cyber Threat Intelligence Sharing in Kenya,2022,Institute of Electrical and Electronics Engineers Inc,10.23919/IST-Africa56635.2022.9845603,https://doi.org/10.23919/IST-Africa56635.2022.9845603,G2,Technical artifacts,T5,"Enrichment, correlation, and analysis"
r130,130,S. L. Schröer and J. D. Seideman and S. Luo and G. Apruzzese and S. Dietrich and P. Laskov,Using a Stack to Find an AI Needle: Topic Modeling for Cyber Threat Intelligence,2025,Digital Threats,10.1145/3766908,https://doi.org/10.1145/3766908,G1,Conceptual artifacts,C3,Operationalization of the CTI cycle and SOC/IR integration
r131,131,S. Samtani and W. Li and V. Benjamin and H. Chen,Informing Cyber Threat Intelligence through Dark Web Situational Awareness: The AZSecure Hacker Assets Portal,2021,"Digital Threats, vol. 2",10.1145/3450972,https://doi.org/10.1145/3450972,G2,Technical artifacts,T6,Operational consumption and integration
r132,132,M. Allegretta and G. Siracusano and R. Gonzalez and M. Gramaglia,Are crowd-sourced CTI datasets ready for supporting anti-cybercrime intelligence?,2023,"Computer Networks, vol. 234, pp. 109920",\url{https://doi.org/10.1016/j.comnet.2023.109920.},https://doi.org/\url{https://doi.org/10.1016/j.comnet.2023.109920.},G2,Technical artifacts,T4,"Curation, quality, and operational-data governance"
r133,133,Y. Zhou and Y. Zhang and Q. Yang and Y. Liu and C. Rong and Z. Tian,A blockchain based efficient incentive mechanism in tripartite cyber threat intelligence service marketplace,2025,"Blockchain: Research and Applications, vol. 6, pp. 100263",\url{https://doi.org/10.1016/j.bcra.2024.100263.},https://doi.org/\url{https://doi.org/10.1016/j.bcra.2024.100263.},G2,Technical artifacts,T2,Operational sharing and dissemination
r134,134,H. A. Ali and W. J. Buchanan and J. Ahmad and M. Abubakar and M. S. Khan and I. Wadhaj,TrustShare: Secure and Trusted Blockchain Framework for Threat Intelligence Sharing,2025,"Future Internet, vol. 17",10.3390/fi17070289,https://doi.org/10.3390/fi17070289,G2,Technical artifacts,T4,"Curation, quality, and operational-data governance"
r135,135,A. El-Kosairy and H. K. Aslan and N. Abdelbaki,Transforming Cybersecurity: Leveraging Blockchain for Enhanced Threat Intelligence Sharing,2024,"International Journal of Safety and Security Engineering, vol. 14, pp. 1139 - 1155, doi: 10.18280/ijsse. 140412",,,G2,Technical artifacts,T2,Operational sharing and dissemination
r136,136,B. Wen and X. Xing and G. Wang,RTB-RM: A Blockchainenabled System for Reliable and Transparent CTI Sharing with Multidimensional Reputation Model,2024,"Institute of Electrical and Electronics Engineers Inc., pp. 1399 - 1404",10.1109/CSCWD61410.2024.10580557,https://doi.org/10.1109/CSCWD61410.2024.10580557,G2,Technical artifacts,T2,Operational sharing and dissemination
r137,137,S. Mohammed and S. Nanthini and N. Balakrishna and I. V. Srinivas and M. Rajagopal and A. K. M,A new lightweight data security system for data security in the cloud computing,2023,"Measurement: Sensors, vol. 29",10.1016/j.measen.2023.100856,https://doi.org/10.1016/j.measen.2023.100856,G1,Conceptual artifacts,C2,"Trust, auditability, accountability, and privacy"
r138,138,K. Dunnett and S. Pal and Z. Jadidi and R. Jurdak,A Blockchain-Based Framework for Scalable and Trustless Delegation of Cyber Threat Intelligence,2023,Institute of Electrical and Electronics Engineers Inc,10.1109/ICBC56567.2023.10174885,https://doi.org/10.1109/ICBC56567.2023.10174885,G1,Conceptual artifacts,C2,"Trust, auditability, accountability, and privacy"
r139,139,K. Dunnett and S. Pal and Z. Jadidi and G. D. Putra and R. Jurdak,A Democratically Anonymous and Trusted Architecture for CTI Sharing using Blockchain,2022,"Proceedings - International Conference on Computer Communications and Networks, ICCCN, vol. 2022",10.1109/ICCCN54977.2022.9868919,https://doi.org/10.1109/ICCCN54977.2022.9868919,G2,Technical artifacts,T2,Operational sharing and dissemination
r140,140,X. Zhang and X. Miao and M. Xue,A Reputation-Based Approach Using Consortium Blockchain for Cyber Threat Intelligence Sharing,2022,"Security and Communication Networks, vol. 2022",10.1155/2022/7760509,https://doi.org/10.1155/2022/7760509,G1,Conceptual artifacts,C2,"Trust, auditability, accountability, and privacy"
r141,141,D. L. Tran and others,FedChain: A Collaborative Framework for Building Artificial Intelligence Models using Blockchain and Federated Learning,2021,"Institute of Electrical and Electronics Engineers Inc., pp. 149 - 154",10.1109/NICS54270.2021.9701450,https://doi.org/10.1109/NICS54270.2021.9701450,G2,Technical artifacts,T2,Operational sharing and dissemination
r142,142,M. N. Halgamuge,Malicious Data Traceability and Throughput Optimization Using Blockchain (IOTA Smart Contracts) for Next Generation Internet of Vehicles,2024,"IEEE Transactions on Vehicular Technology, vol. 73, pp. 18102-18119",10.1109/TVT.2024.3432807,https://doi.org/10.1109/TVT.2024.3432807,G1,Conceptual artifacts,C5,Sectoral and compliance-oriented models and architectures
r143,143,K. Gai and Y. She and L. Zhu and K.-K. R. Choo and Z. Wan,A Blockchain-Based Access Control Scheme for Zero Trust Cross-Organizational Data Sharing,2023,"ACM Trans. Internet Technol., vol. 23",10.1145/3511899,https://doi.org/10.1145/3511899,G1,Conceptual artifacts,C2,"Trust, auditability, accountability, and privacy"
r144,144,P. I. Radoglou-Grammatikis and others,"ELECTRON: An Architectural Framework for Securing the Smart Electrical Grid with Federated Detection, Dynamic Risk Assessment and Self-Healing - Proceedings of the 18th International Conference on Availability, Reliability and Security",2023,Association for Computing Machinery,10.1145/3600160.3605161,https://doi.org/10.1145/3600160.3605161,G3,Interoperability,I4,Ecosystem-oriented interoperability
r145,145,M. Kumar and G. Epiphaniou and C. Maple,SPM-SeCTIS: Severity Pattern Matching for Secure Computable Threat Information Sharing in Intelligent Additive Manufacturing,2024,"Internet of Things, vol. 28, pp. 101334",\url{https://doi.org/10.1016/j.iot.2024.101334.},https://doi.org/\url{https://doi.org/10.1016/j.iot.2024.101334.},G4,Representation and semantics,S1,Taxonomies for terminological standardization and classification
r146,146,P. Huff and S. Massengale and T. V. X. Phuong and S. N. G. Gourisetti,"A Privacy-Preserving Cyber Threat Intelligence Sharing System - 2024 IEEE 6th International Conference on Trust, Privacy and Security in Intelligent Systems, and Applications (TPS-ISA)",2024,pp. 49-58,10.1109/TPS-ISA62245.2024.00016,https://doi.org/10.1109/TPS-ISA62245.2024.00016,G1,Conceptual artifacts,C2,"Trust, auditability, accountability, and privacy"
r147,147,B. Putz and M. Vielberth and G. Pernul,"BISCUIT - Blockchain Security Incident Reporting based on Human Observations - Proceedings of the 17th International Conference on Availability, Reliability and Security",2022,Association for Computing Machinery,10.1145/3538969.3538984,https://doi.org/10.1145/3538969.3538984,G2,Technical artifacts,T2,Operational sharing and dissemination
r148,148,L. M. Nitz et al,On Collaboration and Automation in the Context of Threat Detection and Response with Privacy-Preserving Features,2025,"Digital Threats, vol. 6",10.1145/3707651,https://doi.org/10.1145/3707651,G2,Technical artifacts,T2,Operational sharing and dissemination
r149,149,N. Ozawa and S. Sunahara and S. Hagihara,Evaluation Criteria for Explainable AI in Intrusion Detection to Ensure the Creation of High-Quality Threat Intelligence - Proceedings of the 2025 14th International Conference on Software and Computer Applications,2025,"Association for Computing Machinery, pp. 60--66",10.1145/3731806.3731817,https://doi.org/10.1145/3731806.3731817,G3,Interoperability,I1,Standardized CTI models and formats
r150,150,M. S. Rahman and S. Pal and Z. Jadidi and C. K. Karmakar,Robust Cyber Threat Intelligence Sharing Using Federated Learning for Smart Grids,2025,"IEEE Transactions on Computational Social Systems, vol. 12, pp. 635 - 644",10.1109/TCSS.2024.3496746,https://doi.org/10.1109/TCSS.2024.3496746,G2,Technical artifacts,T5,"Enrichment, correlation, and analysis"
r151,151,M. Dietz and D. Schlette and G. Pernul,"Harnessing Digital Twin Security Simulations for systematic Cyber Threat Intelligence - 2022 IEEE 46th Annual Computers, Software, and Applications Conference (COMPSAC)",2022,pp. 789-797,10.1109/COMPSAC54236.2022.00129,https://doi.org/10.1109/COMPSAC54236.2022.00129,G4,Representation and semantics,S2,Semantic entity and relation models
r152,152,Y. Chen and J. Ding and D. Li and Z. Chen,Joint BERT Model based Cybersecurity Named Entity Recognition - Proceedings of the 2021 4th International Conference on Software Engineering and Information Management,2021,"Association for Computing Machinery, pp. 236--242",10.1145/3451471.3451508,https://doi.org/10.1145/3451471.3451508,G2,Technical artifacts,T6,Operational consumption and integration
r153,153,M. Sheikhalishahi and A. Saracino and F. Martinelli and A. la Marra,Privacy preserving data sharing and analysis for edge-based architectures,2022,"International Journal of Information Security, vol. 21, pp. 79 - 101",10.1007/s10207-021-00542-x,https://doi.org/10.1007/s10207-021-00542-x,G4,Representation and semantics,S1,Taxonomies for terminological standardization and classification
r154,154,S. Samtani and M. Kantarcioglu and H. Chen,"A Multi-Disciplinary Perspective for Conducting Artificial Intelligence-enabled Privacy Analytics: Connecting Data, Algorithms, and Systems",2021,"ACM Trans. Manage. Inf. Syst., vol. 12",10.1145/3447507,https://doi.org/10.1145/3447507,G2,Technical artifacts,T2,Operational sharing and dissemination
r155,155,D. R. Arikkat and M. Cihangiroglu and M. Conti and K. A. R. Rehiman and S. Nicolazzo and A. Nocera and others,SeCTIS: A framework to Secure CTI Sharing,2025,"FUTURE GENERATION COMPUTER SYSTEMS-THE INTERNATIONAL JOURNAL OF ESCIENCE, vol. 164",10.1016/j.future.2024.107562,https://doi.org/10.1016/j.future.2024.107562,G1,Conceptual artifacts,C2,"Trust, auditability, accountability, and privacy"
r156,156,K. Hashimoto and S. Katsumata and E. Postlethwaite and T. Prest and B. Westerbaan,A Concrete Treatment of Efficient Continuous Group Key Agreement via Multi-Recipient PKEs - Proceedings of the 2021 ACM SIGSAC Conference on Computer and Communications Security,2021,"Association for Computing Machinery, pp. 1441--1462",10.1145/3460120.3484817,https://doi.org/10.1145/3460120.3484817,G2,Technical artifacts,T1,TIPs and end-to-end integrated suites
r157,157,Y. Schwartz and L. Ben-Shimol and D. Mimran and Y. Elovici and A. Shabtai,LLMCloudHunter: Harnessing LLMs for Automated Extraction of Detection Rules from Cloud-Based CTI - Proceedings of the ACM on Web Conference 2025,2025,"Association for Computing Machinery, pp. 1922--1941",10.1145/3696410.3714798,https://doi.org/10.1145/3696410.3714798,G3,Interoperability,I3,Actionable detection and response formats
r158,158,S.-S. Chen and R.-H. Hwang and A. Ali and Y.-D. Lin and Y.-C. Wei and T.-W. Pai,Improving quality of indicators of compromise using STIX graphs,2024,"Computers & Security, vol. 144, pp. 103972",\url{https://doi.org/10.1016/j.cose.2024.103972.},https://doi.org/\url{https://doi.org/10.1016/j.cose.2024.103972.},G2,Technical artifacts,T2,Operational sharing and dissemination
r159,159,H. Suryotrisongko and Y. Musashi and A. Tsuneda and K. Sugitani,Robust Botnet DGA Detection: Blending XAI and OSINT for Cyber Threat Intelligence Sharing,2022,"IEEE Access, vol. 10, pp. 34613 - 34624",10.1109/ACCESS.2022.3162588,https://doi.org/10.1109/ACCESS.2022.3162588,G1,Conceptual artifacts,C3,Operationalization of the CTI cycle and SOC/IR integration
r160,160,D. Skias and S. Tsekeridou and T. Zahariadis and A. Voulkidis and T.-H. Velivassaki and K. Fotiadou,"Pan-European Cybersecurity Incidents Information Sharing Platform to support NIS Directive - Proceedings of the 16th International Conference on Availability, Reliability and Security",2021,Association for Computing Machinery,10.1145/3465481.3470477,https://doi.org/10.1145/3465481.3470477,G2,Technical artifacts,T2,Operational sharing and dissemination
r161,161,J. Rajamaki and A. Feyesa and A. Nepal,"E-EWS-based Governance Framework for Sharing Cyber Threat Intelligence in the Energy Sector - PROCEEDINGS OF THE 23RD EUROPEAN CONFERENCE ON CYBER WARFARE AND SECURITY, ECCWS 2024",2024,"vol. 23, pp. 398-406",,,G2,Technical artifacts,T1,TIPs and end-to-end integrated suites
r162,162,D. Skias and S. Tsekeridou and T. Zahariadis and A. Voulkidis and T.-H. Velivassaki,"Demonstration of alignment of the Pan-European Cybersecurity Incidents Information Sharing Platform to Cybersecurity policy, regulatory and legislative advancements - Proceedings of the 17th International Conference on Availability, Reliability and Security",2022,Association for Computing Machinery,10.1145/3538969.3544477,https://doi.org/10.1145/3538969.3544477,G2,Technical artifacts,T2,Operational sharing and dissemination
r163,163,K. Henttonen and J. Rajamaki,"CTI Sharing Practices and MISP Adoption in Finland's Critical Infrastructure Protection - PROCEEDINGS OF THE 23RD EUROPEAN CONFERENCE ON CYBER WARFARE AND SECURITY, ECCWS 2024",2024,"vol. 23, pp. 197-204",,,G2,Technical artifacts,T6,Operational consumption and integration
r164,164,J. Rajamäki and A. Nepal and I. Chalkias,Enhancing Cyber Threat Intelligence (CTI) Exchange: A Governance Model for the DYNAMO Platform,2025,"European Conference on Information Warfare and Security, ECCWS, pp. 547 - 555, \url{https://www.scopus.com/inward/record.uri?eid=2-s2.0-105014910430&partnerID=40&md5=1771e664d7e2969226938014ac7c6d38.}",,,G1,Conceptual artifacts,C1,Governance and ecosystem coordination
r165,165,M. Arazzi and D. R. Arikkat and M. Cihangiroglu and K. M. Sameera,A Privacy-Preserving Byzantine-Aware Swarm Learning Framework for CTI,2024,"Institute of Electrical and Electronics Engineers Inc., pp. 171 - 177",10.1109/ACSACW65225.2024.00025,https://doi.org/10.1109/ACSACW65225.2024.00025,G2,Technical artifacts,T2,Operational sharing and dissemination
r166,166,M. Karatisoglou and A. Farao and V. Bolgouras and C. K. Xenakis,BRIDGE: BRIDGing the gap between CTI production and consumption,2022,Institute of Electrical and Electronics Engineers Inc,10.1109/COMM54429.2022.9817359,https://doi.org/10.1109/COMM54429.2022.9817359,G2,Technical artifacts,T1,TIPs and end-to-end integrated suites
r167,167,J. Fang and Y. Tang and M. Guo,Comprehensive Review of Cyber Threat Intelligence Sharing: Challenges and Methodologies - Proceedings of the 4th Asia-Pacific Artificial Intelligence and Big Data Forum,2025,"Association for Computing Machinery, pp. 455--461, \url{https://doi.org/10.1145/3718491.3718565.}",,,G2,Technical artifacts,T7,Technical protection controls in sharing
r168,168,W. Khalid and N. Ahmed and Y. Javed and A. Alam and M. Arshad,Cyber-Threat-Intelligence: Detection of Selective Packet Drops and Fake Packet Attacks in Opportunistic Networks (DOSFAN) - Proceedings of the 2024 8th International Conference on Information System and Data Mining,2024,"Association for Computing Machinery, pp. 50--56",10.1145/3686397.3686406,https://doi.org/10.1145/3686397.3686406,G2,Technical artifacts,T5,"Enrichment, correlation, and analysis"
r169,169,M. Motlhabi and P. Pantsi and B. Mangoale and R. Netshiya and S. Chishiri,Context-Aware Cyber Threat Intelligence Exchange Platform - PROCEEDINGS OF THE 17TH INTERNATIONAL CONFERENCE ON CYBER WARFARE AND SECURITY (ICCWS 2022),2022,pp. 201-210,,,G2,Technical artifacts,T1,TIPs and end-to-end integrated suites
r170,170,M. Ma and T. Zhu and S. Li and T. Chen and M. Lv and Z. Weng and others,Actminer: Applying causality tracking and increment aligning for graph-based threat hunting,2025,"Knowledge-Based Systems, vol. 327, pp. 114169",\url{https://doi.org/10.1016/j.knosys.2025.114169.},https://doi.org/\url{https://doi.org/10.1016/j.knosys.2025.114169.},G2,Technical artifacts,T6,Operational consumption and integration
r171,171,M. N. E. Saulaiman and M. Kozlovszky and Á. Csilling,Exploring the Intersection between STIX Framework and TARA for Sharing Cyber Threat Intelligence for Automotive Systems,2025,"Institute of Electrical and Electronics Engineers Inc., pp. 205 - 211",10.1109/INES67149.2025.11078029,https://doi.org/10.1109/INES67149.2025.11078029,G3,Interoperability,I1,Standardized CTI models and formats
r172,172,C. P. Li and Q. Zhang and X. D. Bian and S. X. Zhang,Status Quo and Prospects of Automotive Cyber Threat Intelligence - Proceedings of the 2023 International Conference on Frontiers of Artificial Intelligence and Machine Learning,2024,"Association for Computing Machinery, pp. 214--219",10.1145/3616901.3616949,https://doi.org/10.1145/3616901.3616949,G1,Conceptual artifacts,C5,Sectoral and compliance-oriented models and architectures
